"dataset","base_dataset","replicate","separability","composition","method","true_celltype","recall"
"S1_high_balanced_rep1","S1_high_balanced",1,"High","Balanced","Louvain","CD14_Monocyte",1
"S1_high_balanced_rep1","S1_high_balanced",1,"High","Balanced","Louvain","B_cell",1
"S1_high_balanced_rep1","S1_high_balanced",1,"High","Balanced","Louvain","NK_cell",1
"S1_high_balanced_rep1","S1_high_balanced",1,"High","Balanced","Leiden","CD14_Monocyte",1
"S1_high_balanced_rep1","S1_high_balanced",1,"High","Balanced","Leiden","B_cell",1
"S1_high_balanced_rep1","S1_high_balanced",1,"High","Balanced","Leiden","NK_cell",1
"S1_high_balanced_rep1","S1_high_balanced",1,"High","Balanced","Kmeans","CD14_Monocyte",1
"S1_high_balanced_rep1","S1_high_balanced",1,"High","Balanced","Kmeans","B_cell",1
"S1_high_balanced_rep1","S1_high_balanced",1,"High","Balanced","Kmeans","NK_cell",1
"S1_high_balanced_rep1","S1_high_balanced",1,"High","Balanced","Hierarchical","CD14_Monocyte",1
"S1_high_balanced_rep1","S1_high_balanced",1,"High","Balanced","Hierarchical","B_cell",1
"S1_high_balanced_rep1","S1_high_balanced",1,"High","Balanced","Hierarchical","NK_cell",1
"S1_high_balanced_rep2","S1_high_balanced",2,"High","Balanced","Louvain","CD14_Monocyte",1
"S1_high_balanced_rep2","S1_high_balanced",2,"High","Balanced","Louvain","B_cell",1
"S1_high_balanced_rep2","S1_high_balanced",2,"High","Balanced","Louvain","NK_cell",1
"S1_high_balanced_rep2","S1_high_balanced",2,"High","Balanced","Leiden","CD14_Monocyte",1
"S1_high_balanced_rep2","S1_high_balanced",2,"High","Balanced","Leiden","B_cell",1
"S1_high_balanced_rep2","S1_high_balanced",2,"High","Balanced","Leiden","NK_cell",1
"S1_high_balanced_rep2","S1_high_balanced",2,"High","Balanced","Kmeans","CD14_Monocyte",1
"S1_high_balanced_rep2","S1_high_balanced",2,"High","Balanced","Kmeans","B_cell",1
"S1_high_balanced_rep2","S1_high_balanced",2,"High","Balanced","Kmeans","NK_cell",1
"S1_high_balanced_rep2","S1_high_balanced",2,"High","Balanced","Hierarchical","CD14_Monocyte",1
"S1_high_balanced_rep2","S1_high_balanced",2,"High","Balanced","Hierarchical","B_cell",1
"S1_high_balanced_rep2","S1_high_balanced",2,"High","Balanced","Hierarchical","NK_cell",1
"S1_high_balanced_rep3","S1_high_balanced",3,"High","Balanced","Louvain","CD14_Monocyte",1
"S1_high_balanced_rep3","S1_high_balanced",3,"High","Balanced","Louvain","B_cell",1
"S1_high_balanced_rep3","S1_high_balanced",3,"High","Balanced","Louvain","NK_cell",1
"S1_high_balanced_rep3","S1_high_balanced",3,"High","Balanced","Leiden","CD14_Monocyte",1
"S1_high_balanced_rep3","S1_high_balanced",3,"High","Balanced","Leiden","B_cell",1
"S1_high_balanced_rep3","S1_high_balanced",3,"High","Balanced","Leiden","NK_cell",1
"S1_high_balanced_rep3","S1_high_balanced",3,"High","Balanced","Kmeans","CD14_Monocyte",1
"S1_high_balanced_rep3","S1_high_balanced",3,"High","Balanced","Kmeans","B_cell",1
"S1_high_balanced_rep3","S1_high_balanced",3,"High","Balanced","Kmeans","NK_cell",1
"S1_high_balanced_rep3","S1_high_balanced",3,"High","Balanced","Hierarchical","CD14_Monocyte",1
"S1_high_balanced_rep3","S1_high_balanced",3,"High","Balanced","Hierarchical","B_cell",1
"S1_high_balanced_rep3","S1_high_balanced",3,"High","Balanced","Hierarchical","NK_cell",1
"S1_high_balanced_rep4","S1_high_balanced",4,"High","Balanced","Louvain","CD14_Monocyte",1
"S1_high_balanced_rep4","S1_high_balanced",4,"High","Balanced","Louvain","B_cell",1
"S1_high_balanced_rep4","S1_high_balanced",4,"High","Balanced","Louvain","NK_cell",1
"S1_high_balanced_rep4","S1_high_balanced",4,"High","Balanced","Leiden","CD14_Monocyte",1
"S1_high_balanced_rep4","S1_high_balanced",4,"High","Balanced","Leiden","B_cell",1
"S1_high_balanced_rep4","S1_high_balanced",4,"High","Balanced","Leiden","NK_cell",1
"S1_high_balanced_rep4","S1_high_balanced",4,"High","Balanced","Kmeans","CD14_Monocyte",1
"S1_high_balanced_rep4","S1_high_balanced",4,"High","Balanced","Kmeans","B_cell",1
"S1_high_balanced_rep4","S1_high_balanced",4,"High","Balanced","Kmeans","NK_cell",1
"S1_high_balanced_rep4","S1_high_balanced",4,"High","Balanced","Hierarchical","CD14_Monocyte",1
"S1_high_balanced_rep4","S1_high_balanced",4,"High","Balanced","Hierarchical","B_cell",1
"S1_high_balanced_rep4","S1_high_balanced",4,"High","Balanced","Hierarchical","NK_cell",1
"S1_high_balanced_rep5","S1_high_balanced",5,"High","Balanced","Louvain","CD14_Monocyte",1
"S1_high_balanced_rep5","S1_high_balanced",5,"High","Balanced","Louvain","B_cell",1
"S1_high_balanced_rep5","S1_high_balanced",5,"High","Balanced","Louvain","NK_cell",1
"S1_high_balanced_rep5","S1_high_balanced",5,"High","Balanced","Leiden","CD14_Monocyte",1
"S1_high_balanced_rep5","S1_high_balanced",5,"High","Balanced","Leiden","B_cell",1
"S1_high_balanced_rep5","S1_high_balanced",5,"High","Balanced","Leiden","NK_cell",1
"S1_high_balanced_rep5","S1_high_balanced",5,"High","Balanced","Kmeans","CD14_Monocyte",1
"S1_high_balanced_rep5","S1_high_balanced",5,"High","Balanced","Kmeans","B_cell",1
"S1_high_balanced_rep5","S1_high_balanced",5,"High","Balanced","Kmeans","NK_cell",1
"S1_high_balanced_rep5","S1_high_balanced",5,"High","Balanced","Hierarchical","CD14_Monocyte",1
"S1_high_balanced_rep5","S1_high_balanced",5,"High","Balanced","Hierarchical","B_cell",1
"S1_high_balanced_rep5","S1_high_balanced",5,"High","Balanced","Hierarchical","NK_cell",1
"S2_high_moderate_rep1","S2_high_moderate",1,"High","Moderate","Louvain","CD14_Monocyte",1
"S2_high_moderate_rep1","S2_high_moderate",1,"High","Moderate","Louvain","B_cell",1
"S2_high_moderate_rep1","S2_high_moderate",1,"High","Moderate","Louvain","NK_cell",1
"S2_high_moderate_rep1","S2_high_moderate",1,"High","Moderate","Leiden","CD14_Monocyte",1
"S2_high_moderate_rep1","S2_high_moderate",1,"High","Moderate","Leiden","B_cell",1
"S2_high_moderate_rep1","S2_high_moderate",1,"High","Moderate","Leiden","NK_cell",1
"S2_high_moderate_rep1","S2_high_moderate",1,"High","Moderate","Kmeans","CD14_Monocyte",1
"S2_high_moderate_rep1","S2_high_moderate",1,"High","Moderate","Kmeans","B_cell",1
"S2_high_moderate_rep1","S2_high_moderate",1,"High","Moderate","Kmeans","NK_cell",1
"S2_high_moderate_rep1","S2_high_moderate",1,"High","Moderate","Hierarchical","CD14_Monocyte",1
"S2_high_moderate_rep1","S2_high_moderate",1,"High","Moderate","Hierarchical","B_cell",1
"S2_high_moderate_rep1","S2_high_moderate",1,"High","Moderate","Hierarchical","NK_cell",1
"S2_high_moderate_rep2","S2_high_moderate",2,"High","Moderate","Louvain","CD14_Monocyte",1
"S2_high_moderate_rep2","S2_high_moderate",2,"High","Moderate","Louvain","B_cell",1
"S2_high_moderate_rep2","S2_high_moderate",2,"High","Moderate","Louvain","NK_cell",1
"S2_high_moderate_rep2","S2_high_moderate",2,"High","Moderate","Leiden","CD14_Monocyte",1
"S2_high_moderate_rep2","S2_high_moderate",2,"High","Moderate","Leiden","B_cell",1
"S2_high_moderate_rep2","S2_high_moderate",2,"High","Moderate","Leiden","NK_cell",1
"S2_high_moderate_rep2","S2_high_moderate",2,"High","Moderate","Kmeans","CD14_Monocyte",1
"S2_high_moderate_rep2","S2_high_moderate",2,"High","Moderate","Kmeans","B_cell",1
"S2_high_moderate_rep2","S2_high_moderate",2,"High","Moderate","Kmeans","NK_cell",1
"S2_high_moderate_rep2","S2_high_moderate",2,"High","Moderate","Hierarchical","CD14_Monocyte",1
"S2_high_moderate_rep2","S2_high_moderate",2,"High","Moderate","Hierarchical","B_cell",1
"S2_high_moderate_rep2","S2_high_moderate",2,"High","Moderate","Hierarchical","NK_cell",1
"S2_high_moderate_rep3","S2_high_moderate",3,"High","Moderate","Louvain","CD14_Monocyte",1
"S2_high_moderate_rep3","S2_high_moderate",3,"High","Moderate","Louvain","B_cell",1
"S2_high_moderate_rep3","S2_high_moderate",3,"High","Moderate","Louvain","NK_cell",1
"S2_high_moderate_rep3","S2_high_moderate",3,"High","Moderate","Leiden","CD14_Monocyte",1
"S2_high_moderate_rep3","S2_high_moderate",3,"High","Moderate","Leiden","B_cell",1
"S2_high_moderate_rep3","S2_high_moderate",3,"High","Moderate","Leiden","NK_cell",1
"S2_high_moderate_rep3","S2_high_moderate",3,"High","Moderate","Kmeans","CD14_Monocyte",1
"S2_high_moderate_rep3","S2_high_moderate",3,"High","Moderate","Kmeans","B_cell",1
"S2_high_moderate_rep3","S2_high_moderate",3,"High","Moderate","Kmeans","NK_cell",1
"S2_high_moderate_rep3","S2_high_moderate",3,"High","Moderate","Hierarchical","CD14_Monocyte",0.999444444444444
"S2_high_moderate_rep3","S2_high_moderate",3,"High","Moderate","Hierarchical","B_cell",1
"S2_high_moderate_rep3","S2_high_moderate",3,"High","Moderate","Hierarchical","NK_cell",1
"S2_high_moderate_rep4","S2_high_moderate",4,"High","Moderate","Louvain","CD14_Monocyte",1
"S2_high_moderate_rep4","S2_high_moderate",4,"High","Moderate","Louvain","B_cell",1
"S2_high_moderate_rep4","S2_high_moderate",4,"High","Moderate","Louvain","NK_cell",1
"S2_high_moderate_rep4","S2_high_moderate",4,"High","Moderate","Leiden","CD14_Monocyte",1
"S2_high_moderate_rep4","S2_high_moderate",4,"High","Moderate","Leiden","B_cell",1
"S2_high_moderate_rep4","S2_high_moderate",4,"High","Moderate","Leiden","NK_cell",1
"S2_high_moderate_rep4","S2_high_moderate",4,"High","Moderate","Kmeans","CD14_Monocyte",1
"S2_high_moderate_rep4","S2_high_moderate",4,"High","Moderate","Kmeans","B_cell",1
"S2_high_moderate_rep4","S2_high_moderate",4,"High","Moderate","Kmeans","NK_cell",1
"S2_high_moderate_rep4","S2_high_moderate",4,"High","Moderate","Hierarchical","CD14_Monocyte",1
"S2_high_moderate_rep4","S2_high_moderate",4,"High","Moderate","Hierarchical","B_cell",1
"S2_high_moderate_rep4","S2_high_moderate",4,"High","Moderate","Hierarchical","NK_cell",1
"S2_high_moderate_rep5","S2_high_moderate",5,"High","Moderate","Louvain","CD14_Monocyte",1
"S2_high_moderate_rep5","S2_high_moderate",5,"High","Moderate","Louvain","B_cell",1
"S2_high_moderate_rep5","S2_high_moderate",5,"High","Moderate","Louvain","NK_cell",1
"S2_high_moderate_rep5","S2_high_moderate",5,"High","Moderate","Leiden","CD14_Monocyte",1
"S2_high_moderate_rep5","S2_high_moderate",5,"High","Moderate","Leiden","B_cell",1
"S2_high_moderate_rep5","S2_high_moderate",5,"High","Moderate","Leiden","NK_cell",1
"S2_high_moderate_rep5","S2_high_moderate",5,"High","Moderate","Kmeans","CD14_Monocyte",1
"S2_high_moderate_rep5","S2_high_moderate",5,"High","Moderate","Kmeans","B_cell",1
"S2_high_moderate_rep5","S2_high_moderate",5,"High","Moderate","Kmeans","NK_cell",1
"S2_high_moderate_rep5","S2_high_moderate",5,"High","Moderate","Hierarchical","CD14_Monocyte",1
"S2_high_moderate_rep5","S2_high_moderate",5,"High","Moderate","Hierarchical","B_cell",1
"S2_high_moderate_rep5","S2_high_moderate",5,"High","Moderate","Hierarchical","NK_cell",1
"S3_high_extreme_rep1","S3_high_extreme",1,"High","Extreme","Louvain","CD14_Monocyte",1
"S3_high_extreme_rep1","S3_high_extreme",1,"High","Extreme","Louvain","B_cell",1
"S3_high_extreme_rep1","S3_high_extreme",1,"High","Extreme","Louvain","NK_cell",1
"S3_high_extreme_rep1","S3_high_extreme",1,"High","Extreme","Leiden","CD14_Monocyte",1
"S3_high_extreme_rep1","S3_high_extreme",1,"High","Extreme","Leiden","B_cell",1
"S3_high_extreme_rep1","S3_high_extreme",1,"High","Extreme","Leiden","NK_cell",1
"S3_high_extreme_rep1","S3_high_extreme",1,"High","Extreme","Kmeans","CD14_Monocyte",1
"S3_high_extreme_rep1","S3_high_extreme",1,"High","Extreme","Kmeans","B_cell",1
"S3_high_extreme_rep1","S3_high_extreme",1,"High","Extreme","Kmeans","NK_cell",1
"S3_high_extreme_rep1","S3_high_extreme",1,"High","Extreme","Hierarchical","CD14_Monocyte",1
"S3_high_extreme_rep1","S3_high_extreme",1,"High","Extreme","Hierarchical","B_cell",1
"S3_high_extreme_rep1","S3_high_extreme",1,"High","Extreme","Hierarchical","NK_cell",1
"S3_high_extreme_rep2","S3_high_extreme",2,"High","Extreme","Louvain","CD14_Monocyte",1
"S3_high_extreme_rep2","S3_high_extreme",2,"High","Extreme","Louvain","B_cell",1
"S3_high_extreme_rep2","S3_high_extreme",2,"High","Extreme","Louvain","NK_cell",1
"S3_high_extreme_rep2","S3_high_extreme",2,"High","Extreme","Leiden","CD14_Monocyte",1
"S3_high_extreme_rep2","S3_high_extreme",2,"High","Extreme","Leiden","B_cell",1
"S3_high_extreme_rep2","S3_high_extreme",2,"High","Extreme","Leiden","NK_cell",1
"S3_high_extreme_rep2","S3_high_extreme",2,"High","Extreme","Kmeans","CD14_Monocyte",1
"S3_high_extreme_rep2","S3_high_extreme",2,"High","Extreme","Kmeans","B_cell",1
"S3_high_extreme_rep2","S3_high_extreme",2,"High","Extreme","Kmeans","NK_cell",1
"S3_high_extreme_rep2","S3_high_extreme",2,"High","Extreme","Hierarchical","CD14_Monocyte",1
"S3_high_extreme_rep2","S3_high_extreme",2,"High","Extreme","Hierarchical","B_cell",1
"S3_high_extreme_rep2","S3_high_extreme",2,"High","Extreme","Hierarchical","NK_cell",1
"S3_high_extreme_rep3","S3_high_extreme",3,"High","Extreme","Louvain","CD14_Monocyte",1
"S3_high_extreme_rep3","S3_high_extreme",3,"High","Extreme","Louvain","B_cell",1
"S3_high_extreme_rep3","S3_high_extreme",3,"High","Extreme","Louvain","NK_cell",1
"S3_high_extreme_rep3","S3_high_extreme",3,"High","Extreme","Leiden","CD14_Monocyte",1
"S3_high_extreme_rep3","S3_high_extreme",3,"High","Extreme","Leiden","B_cell",1
"S3_high_extreme_rep3","S3_high_extreme",3,"High","Extreme","Leiden","NK_cell",1
"S3_high_extreme_rep3","S3_high_extreme",3,"High","Extreme","Kmeans","CD14_Monocyte",1
"S3_high_extreme_rep3","S3_high_extreme",3,"High","Extreme","Kmeans","B_cell",1
"S3_high_extreme_rep3","S3_high_extreme",3,"High","Extreme","Kmeans","NK_cell",1
"S3_high_extreme_rep3","S3_high_extreme",3,"High","Extreme","Hierarchical","CD14_Monocyte",1
"S3_high_extreme_rep3","S3_high_extreme",3,"High","Extreme","Hierarchical","B_cell",1
"S3_high_extreme_rep3","S3_high_extreme",3,"High","Extreme","Hierarchical","NK_cell",1
"S3_high_extreme_rep4","S3_high_extreme",4,"High","Extreme","Louvain","CD14_Monocyte",1
"S3_high_extreme_rep4","S3_high_extreme",4,"High","Extreme","Louvain","B_cell",1
"S3_high_extreme_rep4","S3_high_extreme",4,"High","Extreme","Louvain","NK_cell",1
"S3_high_extreme_rep4","S3_high_extreme",4,"High","Extreme","Leiden","CD14_Monocyte",1
"S3_high_extreme_rep4","S3_high_extreme",4,"High","Extreme","Leiden","B_cell",1
"S3_high_extreme_rep4","S3_high_extreme",4,"High","Extreme","Leiden","NK_cell",1
"S3_high_extreme_rep4","S3_high_extreme",4,"High","Extreme","Kmeans","CD14_Monocyte",1
"S3_high_extreme_rep4","S3_high_extreme",4,"High","Extreme","Kmeans","B_cell",1
"S3_high_extreme_rep4","S3_high_extreme",4,"High","Extreme","Kmeans","NK_cell",1
"S3_high_extreme_rep4","S3_high_extreme",4,"High","Extreme","Hierarchical","CD14_Monocyte",1
"S3_high_extreme_rep4","S3_high_extreme",4,"High","Extreme","Hierarchical","B_cell",1
"S3_high_extreme_rep4","S3_high_extreme",4,"High","Extreme","Hierarchical","NK_cell",1
"S3_high_extreme_rep5","S3_high_extreme",5,"High","Extreme","Louvain","CD14_Monocyte",1
"S3_high_extreme_rep5","S3_high_extreme",5,"High","Extreme","Louvain","B_cell",1
"S3_high_extreme_rep5","S3_high_extreme",5,"High","Extreme","Louvain","NK_cell",1
"S3_high_extreme_rep5","S3_high_extreme",5,"High","Extreme","Leiden","CD14_Monocyte",1
"S3_high_extreme_rep5","S3_high_extreme",5,"High","Extreme","Leiden","B_cell",1
"S3_high_extreme_rep5","S3_high_extreme",5,"High","Extreme","Leiden","NK_cell",1
"S3_high_extreme_rep5","S3_high_extreme",5,"High","Extreme","Kmeans","CD14_Monocyte",1
"S3_high_extreme_rep5","S3_high_extreme",5,"High","Extreme","Kmeans","B_cell",1
"S3_high_extreme_rep5","S3_high_extreme",5,"High","Extreme","Kmeans","NK_cell",1
"S3_high_extreme_rep5","S3_high_extreme",5,"High","Extreme","Hierarchical","CD14_Monocyte",1
"S3_high_extreme_rep5","S3_high_extreme",5,"High","Extreme","Hierarchical","B_cell",1
"S3_high_extreme_rep5","S3_high_extreme",5,"High","Extreme","Hierarchical","NK_cell",1
"S4_low_balanced_rep1","S4_low_balanced",1,"Low","Balanced","Louvain","Naive_CD4_T",0.955
"S4_low_balanced_rep1","S4_low_balanced",1,"Low","Balanced","Louvain","CD4_T_memory",0.946
"S4_low_balanced_rep1","S4_low_balanced",1,"Low","Balanced","Louvain","CD8_T",0.984
"S4_low_balanced_rep1","S4_low_balanced",1,"Low","Balanced","Leiden","Naive_CD4_T",0.954
"S4_low_balanced_rep1","S4_low_balanced",1,"Low","Balanced","Leiden","CD4_T_memory",0.948
"S4_low_balanced_rep1","S4_low_balanced",1,"Low","Balanced","Leiden","CD8_T",0.984
"S4_low_balanced_rep1","S4_low_balanced",1,"Low","Balanced","Kmeans","Naive_CD4_T",0.962
"S4_low_balanced_rep1","S4_low_balanced",1,"Low","Balanced","Kmeans","CD4_T_memory",0.946
"S4_low_balanced_rep1","S4_low_balanced",1,"Low","Balanced","Kmeans","CD8_T",0.984
"S4_low_balanced_rep1","S4_low_balanced",1,"Low","Balanced","Hierarchical","Naive_CD4_T",0.884
"S4_low_balanced_rep1","S4_low_balanced",1,"Low","Balanced","Hierarchical","CD4_T_memory",0.927
"S4_low_balanced_rep1","S4_low_balanced",1,"Low","Balanced","Hierarchical","CD8_T",0.964
"S4_low_balanced_rep2","S4_low_balanced",2,"Low","Balanced","Louvain","Naive_CD4_T",0.958
"S4_low_balanced_rep2","S4_low_balanced",2,"Low","Balanced","Louvain","CD4_T_memory",0.915
"S4_low_balanced_rep2","S4_low_balanced",2,"Low","Balanced","Louvain","CD8_T",0.993
"S4_low_balanced_rep2","S4_low_balanced",2,"Low","Balanced","Leiden","Naive_CD4_T",0.958
"S4_low_balanced_rep2","S4_low_balanced",2,"Low","Balanced","Leiden","CD4_T_memory",0.919
"S4_low_balanced_rep2","S4_low_balanced",2,"Low","Balanced","Leiden","CD8_T",0.994
"S4_low_balanced_rep2","S4_low_balanced",2,"Low","Balanced","Kmeans","Naive_CD4_T",0.945
"S4_low_balanced_rep2","S4_low_balanced",2,"Low","Balanced","Kmeans","CD4_T_memory",0.943
"S4_low_balanced_rep2","S4_low_balanced",2,"Low","Balanced","Kmeans","CD8_T",0.99
"S4_low_balanced_rep2","S4_low_balanced",2,"Low","Balanced","Hierarchical","Naive_CD4_T",0.902
"S4_low_balanced_rep2","S4_low_balanced",2,"Low","Balanced","Hierarchical","CD4_T_memory",0.88
"S4_low_balanced_rep2","S4_low_balanced",2,"Low","Balanced","Hierarchical","CD8_T",0.971
"S4_low_balanced_rep3","S4_low_balanced",3,"Low","Balanced","Louvain","Naive_CD4_T",0.961
"S4_low_balanced_rep3","S4_low_balanced",3,"Low","Balanced","Louvain","CD4_T_memory",0.942
"S4_low_balanced_rep3","S4_low_balanced",3,"Low","Balanced","Louvain","CD8_T",0.994
"S4_low_balanced_rep3","S4_low_balanced",3,"Low","Balanced","Leiden","Naive_CD4_T",0.959
"S4_low_balanced_rep3","S4_low_balanced",3,"Low","Balanced","Leiden","CD4_T_memory",0.943
"S4_low_balanced_rep3","S4_low_balanced",3,"Low","Balanced","Leiden","CD8_T",0.994
"S4_low_balanced_rep3","S4_low_balanced",3,"Low","Balanced","Kmeans","Naive_CD4_T",0.962
"S4_low_balanced_rep3","S4_low_balanced",3,"Low","Balanced","Kmeans","CD4_T_memory",0.952
"S4_low_balanced_rep3","S4_low_balanced",3,"Low","Balanced","Kmeans","CD8_T",0.99
"S4_low_balanced_rep3","S4_low_balanced",3,"Low","Balanced","Hierarchical","Naive_CD4_T",0.906
"S4_low_balanced_rep3","S4_low_balanced",3,"Low","Balanced","Hierarchical","CD4_T_memory",0.889
"S4_low_balanced_rep3","S4_low_balanced",3,"Low","Balanced","Hierarchical","CD8_T",0.98
"S4_low_balanced_rep4","S4_low_balanced",4,"Low","Balanced","Louvain","Naive_CD4_T",0.978
"S4_low_balanced_rep4","S4_low_balanced",4,"Low","Balanced","Louvain","CD4_T_memory",0.918
"S4_low_balanced_rep4","S4_low_balanced",4,"Low","Balanced","Louvain","CD8_T",1
"S4_low_balanced_rep4","S4_low_balanced",4,"Low","Balanced","Leiden","Naive_CD4_T",0.978
"S4_low_balanced_rep4","S4_low_balanced",4,"Low","Balanced","Leiden","CD4_T_memory",0.919
"S4_low_balanced_rep4","S4_low_balanced",4,"Low","Balanced","Leiden","CD8_T",0.999
"S4_low_balanced_rep4","S4_low_balanced",4,"Low","Balanced","Kmeans","Naive_CD4_T",0.968
"S4_low_balanced_rep4","S4_low_balanced",4,"Low","Balanced","Kmeans","CD4_T_memory",0.936
"S4_low_balanced_rep4","S4_low_balanced",4,"Low","Balanced","Kmeans","CD8_T",0.995
"S4_low_balanced_rep4","S4_low_balanced",4,"Low","Balanced","Hierarchical","Naive_CD4_T",0.952
"S4_low_balanced_rep4","S4_low_balanced",4,"Low","Balanced","Hierarchical","CD4_T_memory",0.875
"S4_low_balanced_rep4","S4_low_balanced",4,"Low","Balanced","Hierarchical","CD8_T",0.982
"S4_low_balanced_rep5","S4_low_balanced",5,"Low","Balanced","Louvain","Naive_CD4_T",0.96
"S4_low_balanced_rep5","S4_low_balanced",5,"Low","Balanced","Louvain","CD4_T_memory",0.946
"S4_low_balanced_rep5","S4_low_balanced",5,"Low","Balanced","Louvain","CD8_T",0.987
"S4_low_balanced_rep5","S4_low_balanced",5,"Low","Balanced","Leiden","Naive_CD4_T",0.957
"S4_low_balanced_rep5","S4_low_balanced",5,"Low","Balanced","Leiden","CD4_T_memory",0.944
"S4_low_balanced_rep5","S4_low_balanced",5,"Low","Balanced","Leiden","CD8_T",0.987
"S4_low_balanced_rep5","S4_low_balanced",5,"Low","Balanced","Kmeans","Naive_CD4_T",0.959
"S4_low_balanced_rep5","S4_low_balanced",5,"Low","Balanced","Kmeans","CD4_T_memory",0.947
"S4_low_balanced_rep5","S4_low_balanced",5,"Low","Balanced","Kmeans","CD8_T",0.982
"S4_low_balanced_rep5","S4_low_balanced",5,"Low","Balanced","Hierarchical","Naive_CD4_T",0.915
"S4_low_balanced_rep5","S4_low_balanced",5,"Low","Balanced","Hierarchical","CD4_T_memory",0.87
"S4_low_balanced_rep5","S4_low_balanced",5,"Low","Balanced","Hierarchical","CD8_T",0.967
"S5_low_moderate_rep1","S5_low_moderate",1,"Low","Moderate","Louvain","Naive_CD4_T",0.972222222222222
"S5_low_moderate_rep1","S5_low_moderate",1,"Low","Moderate","Louvain","CD4_T_memory",0.927777777777778
"S5_low_moderate_rep1","S5_low_moderate",1,"Low","Moderate","Louvain","CD8_T",0.973333333333333
"S5_low_moderate_rep1","S5_low_moderate",1,"Low","Moderate","Leiden","Naive_CD4_T",0.97
"S5_low_moderate_rep1","S5_low_moderate",1,"Low","Moderate","Leiden","CD4_T_memory",0.925555555555556
"S5_low_moderate_rep1","S5_low_moderate",1,"Low","Moderate","Leiden","CD8_T",0.973333333333333
"S5_low_moderate_rep1","S5_low_moderate",1,"Low","Moderate","Kmeans","Naive_CD4_T",0.957777777777778
"S5_low_moderate_rep1","S5_low_moderate",1,"Low","Moderate","Kmeans","CD4_T_memory",0.946666666666667
"S5_low_moderate_rep1","S5_low_moderate",1,"Low","Moderate","Kmeans","CD8_T",0.99
"S5_low_moderate_rep1","S5_low_moderate",1,"Low","Moderate","Hierarchical","Naive_CD4_T",0.952777777777778
"S5_low_moderate_rep1","S5_low_moderate",1,"Low","Moderate","Hierarchical","CD4_T_memory",0.843333333333333
"S5_low_moderate_rep1","S5_low_moderate",1,"Low","Moderate","Hierarchical","CD8_T",0.966666666666667
"S5_low_moderate_rep2","S5_low_moderate",2,"Low","Moderate","Louvain","Naive_CD4_T",0.96
"S5_low_moderate_rep2","S5_low_moderate",2,"Low","Moderate","Louvain","CD4_T_memory",0.938888888888889
"S5_low_moderate_rep2","S5_low_moderate",2,"Low","Moderate","Louvain","CD8_T",0.976666666666667
"S5_low_moderate_rep2","S5_low_moderate",2,"Low","Moderate","Leiden","Naive_CD4_T",0.961111111111111
"S5_low_moderate_rep2","S5_low_moderate",2,"Low","Moderate","Leiden","CD4_T_memory",0.933333333333333
"S5_low_moderate_rep2","S5_low_moderate",2,"Low","Moderate","Leiden","CD8_T",0.976666666666667
"S5_low_moderate_rep2","S5_low_moderate",2,"Low","Moderate","Kmeans","Naive_CD4_T",0.956111111111111
"S5_low_moderate_rep2","S5_low_moderate",2,"Low","Moderate","Kmeans","CD4_T_memory",0.951111111111111
"S5_low_moderate_rep2","S5_low_moderate",2,"Low","Moderate","Kmeans","CD8_T",0.976666666666667
"S5_low_moderate_rep2","S5_low_moderate",2,"Low","Moderate","Hierarchical","Naive_CD4_T",0.942777777777778
"S5_low_moderate_rep2","S5_low_moderate",2,"Low","Moderate","Hierarchical","CD4_T_memory",0.854444444444444
"S5_low_moderate_rep2","S5_low_moderate",2,"Low","Moderate","Hierarchical","CD8_T",0.956666666666667
"S5_low_moderate_rep3","S5_low_moderate",3,"Low","Moderate","Louvain","Naive_CD4_T",0.968333333333333
"S5_low_moderate_rep3","S5_low_moderate",3,"Low","Moderate","Louvain","CD4_T_memory",0.927777777777778
"S5_low_moderate_rep3","S5_low_moderate",3,"Low","Moderate","Louvain","CD8_T",0.97
"S5_low_moderate_rep3","S5_low_moderate",3,"Low","Moderate","Leiden","Naive_CD4_T",0.968333333333333
"S5_low_moderate_rep3","S5_low_moderate",3,"Low","Moderate","Leiden","CD4_T_memory",0.926666666666667
"S5_low_moderate_rep3","S5_low_moderate",3,"Low","Moderate","Leiden","CD8_T",0.966666666666667
"S5_low_moderate_rep3","S5_low_moderate",3,"Low","Moderate","Kmeans","Naive_CD4_T",0.957777777777778
"S5_low_moderate_rep3","S5_low_moderate",3,"Low","Moderate","Kmeans","CD4_T_memory",0.941111111111111
"S5_low_moderate_rep3","S5_low_moderate",3,"Low","Moderate","Kmeans","CD8_T",0.97
"S5_low_moderate_rep3","S5_low_moderate",3,"Low","Moderate","Hierarchical","Naive_CD4_T",0.928333333333333
"S5_low_moderate_rep3","S5_low_moderate",3,"Low","Moderate","Hierarchical","CD4_T_memory",0.86
"S5_low_moderate_rep3","S5_low_moderate",3,"Low","Moderate","Hierarchical","CD8_T",0.936666666666667
"S5_low_moderate_rep4","S5_low_moderate",4,"Low","Moderate","Louvain","Naive_CD4_T",0.967222222222222
"S5_low_moderate_rep4","S5_low_moderate",4,"Low","Moderate","Louvain","CD4_T_memory",0.931111111111111
"S5_low_moderate_rep4","S5_low_moderate",4,"Low","Moderate","Louvain","CD8_T",0.986666666666667
"S5_low_moderate_rep4","S5_low_moderate",4,"Low","Moderate","Leiden","Naive_CD4_T",0.969444444444444
"S5_low_moderate_rep4","S5_low_moderate",4,"Low","Moderate","Leiden","CD4_T_memory",0.93
"S5_low_moderate_rep4","S5_low_moderate",4,"Low","Moderate","Leiden","CD8_T",0.99
"S5_low_moderate_rep4","S5_low_moderate",4,"Low","Moderate","Kmeans","Naive_CD4_T",0.958333333333333
"S5_low_moderate_rep4","S5_low_moderate",4,"Low","Moderate","Kmeans","CD4_T_memory",0.942222222222222
"S5_low_moderate_rep4","S5_low_moderate",4,"Low","Moderate","Kmeans","CD8_T",0.993333333333333
"S5_low_moderate_rep4","S5_low_moderate",4,"Low","Moderate","Hierarchical","Naive_CD4_T",0.933333333333333
"S5_low_moderate_rep4","S5_low_moderate",4,"Low","Moderate","Hierarchical","CD4_T_memory",0.86
"S5_low_moderate_rep4","S5_low_moderate",4,"Low","Moderate","Hierarchical","CD8_T",0.956666666666667
"S5_low_moderate_rep5","S5_low_moderate",5,"Low","Moderate","Louvain","Naive_CD4_T",0.971666666666667
"S5_low_moderate_rep5","S5_low_moderate",5,"Low","Moderate","Louvain","CD4_T_memory",0.934444444444444
"S5_low_moderate_rep5","S5_low_moderate",5,"Low","Moderate","Louvain","CD8_T",0.97
"S5_low_moderate_rep5","S5_low_moderate",5,"Low","Moderate","Leiden","Naive_CD4_T",0.972222222222222
"S5_low_moderate_rep5","S5_low_moderate",5,"Low","Moderate","Leiden","CD4_T_memory",0.935555555555556
"S5_low_moderate_rep5","S5_low_moderate",5,"Low","Moderate","Leiden","CD8_T",0.973333333333333
"S5_low_moderate_rep5","S5_low_moderate",5,"Low","Moderate","Kmeans","Naive_CD4_T",0.955555555555556
"S5_low_moderate_rep5","S5_low_moderate",5,"Low","Moderate","Kmeans","CD4_T_memory",0.954444444444444
"S5_low_moderate_rep5","S5_low_moderate",5,"Low","Moderate","Kmeans","CD8_T",0.976666666666667
"S5_low_moderate_rep5","S5_low_moderate",5,"Low","Moderate","Hierarchical","Naive_CD4_T",0.96
"S5_low_moderate_rep5","S5_low_moderate",5,"Low","Moderate","Hierarchical","CD4_T_memory",0.83
"S5_low_moderate_rep5","S5_low_moderate",5,"Low","Moderate","Hierarchical","CD8_T",0.946666666666667
"S6_low_extreme_rep1","S6_low_extreme",1,"Low","Extreme","Louvain","Naive_CD4_T",0.9825
"S6_low_extreme_rep1","S6_low_extreme",1,"Low","Extreme","Louvain","CD4_T_memory",0.914814814814815
"S6_low_extreme_rep1","S6_low_extreme",1,"Low","Extreme","Louvain","CD8_T",0.866666666666667
"S6_low_extreme_rep1","S6_low_extreme",1,"Low","Extreme","Leiden","Naive_CD4_T",0.982083333333333
"S6_low_extreme_rep1","S6_low_extreme",1,"Low","Extreme","Leiden","CD4_T_memory",0.912962962962963
"S6_low_extreme_rep1","S6_low_extreme",1,"Low","Extreme","Leiden","CD8_T",0.883333333333333
"S6_low_extreme_rep1","S6_low_extreme",1,"Low","Extreme","Kmeans","Naive_CD4_T",0.98625
"S6_low_extreme_rep1","S6_low_extreme",1,"Low","Extreme","Kmeans","CD4_T_memory",0.92962962962963
"S6_low_extreme_rep1","S6_low_extreme",1,"Low","Extreme","Kmeans","CD8_T",0
"S6_low_extreme_rep1","S6_low_extreme",1,"Low","Extreme","Hierarchical","Naive_CD4_T",0.955
"S6_low_extreme_rep1","S6_low_extreme",1,"Low","Extreme","Hierarchical","CD4_T_memory",0.846296296296296
"S6_low_extreme_rep1","S6_low_extreme",1,"Low","Extreme","Hierarchical","CD8_T",0.883333333333333
"S6_low_extreme_rep2","S6_low_extreme",2,"Low","Extreme","Louvain","Naive_CD4_T",0.985
"S6_low_extreme_rep2","S6_low_extreme",2,"Low","Extreme","Louvain","CD4_T_memory",0.861111111111111
"S6_low_extreme_rep2","S6_low_extreme",2,"Low","Extreme","Louvain","CD8_T",0.816666666666667
"S6_low_extreme_rep2","S6_low_extreme",2,"Low","Extreme","Leiden","Naive_CD4_T",0.984166666666667
"S6_low_extreme_rep2","S6_low_extreme",2,"Low","Extreme","Leiden","CD4_T_memory",0.861111111111111
"S6_low_extreme_rep2","S6_low_extreme",2,"Low","Extreme","Leiden","CD8_T",0.8
"S6_low_extreme_rep2","S6_low_extreme",2,"Low","Extreme","Kmeans","Naive_CD4_T",0.982916666666667
"S6_low_extreme_rep2","S6_low_extreme",2,"Low","Extreme","Kmeans","CD4_T_memory",0.896296296296296
"S6_low_extreme_rep2","S6_low_extreme",2,"Low","Extreme","Kmeans","CD8_T",0
"S6_low_extreme_rep2","S6_low_extreme",2,"Low","Extreme","Hierarchical","Naive_CD4_T",0.974583333333333
"S6_low_extreme_rep2","S6_low_extreme",2,"Low","Extreme","Hierarchical","CD4_T_memory",0.722222222222222
"S6_low_extreme_rep2","S6_low_extreme",2,"Low","Extreme","Hierarchical","CD8_T",0.733333333333333
"S6_low_extreme_rep3","S6_low_extreme",3,"Low","Extreme","Louvain","Naive_CD4_T",0.962916666666667
"S6_low_extreme_rep3","S6_low_extreme",3,"Low","Extreme","Louvain","CD4_T_memory",0.92037037037037
"S6_low_extreme_rep3","S6_low_extreme",3,"Low","Extreme","Louvain","CD8_T",0.9
"S6_low_extreme_rep3","S6_low_extreme",3,"Low","Extreme","Leiden","Naive_CD4_T",0.965
"S6_low_extreme_rep3","S6_low_extreme",3,"Low","Extreme","Leiden","CD4_T_memory",0.92037037037037
"S6_low_extreme_rep3","S6_low_extreme",3,"Low","Extreme","Leiden","CD8_T",0
"S6_low_extreme_rep3","S6_low_extreme",3,"Low","Extreme","Kmeans","Naive_CD4_T",0.980416666666667
"S6_low_extreme_rep3","S6_low_extreme",3,"Low","Extreme","Kmeans","CD4_T_memory",0.92962962962963
"S6_low_extreme_rep3","S6_low_extreme",3,"Low","Extreme","Kmeans","CD8_T",0
"S6_low_extreme_rep3","S6_low_extreme",3,"Low","Extreme","Hierarchical","Naive_CD4_T",0.955
"S6_low_extreme_rep3","S6_low_extreme",3,"Low","Extreme","Hierarchical","CD4_T_memory",0.833333333333333
"S6_low_extreme_rep3","S6_low_extreme",3,"Low","Extreme","Hierarchical","CD8_T",0.85
"S6_low_extreme_rep4","S6_low_extreme",4,"Low","Extreme","Louvain","Naive_CD4_T",0.96125
"S6_low_extreme_rep4","S6_low_extreme",4,"Low","Extreme","Louvain","CD4_T_memory",0.92962962962963
"S6_low_extreme_rep4","S6_low_extreme",4,"Low","Extreme","Louvain","CD8_T",0.916666666666667
"S6_low_extreme_rep4","S6_low_extreme",4,"Low","Extreme","Leiden","Naive_CD4_T",0.963333333333333
"S6_low_extreme_rep4","S6_low_extreme",4,"Low","Extreme","Leiden","CD4_T_memory",0.92962962962963
"S6_low_extreme_rep4","S6_low_extreme",4,"Low","Extreme","Leiden","CD8_T",0.916666666666667
"S6_low_extreme_rep4","S6_low_extreme",4,"Low","Extreme","Kmeans","Naive_CD4_T",0.96625
"S6_low_extreme_rep4","S6_low_extreme",4,"Low","Extreme","Kmeans","CD4_T_memory",0.927777777777778
"S6_low_extreme_rep4","S6_low_extreme",4,"Low","Extreme","Kmeans","CD8_T",0
"S6_low_extreme_rep4","S6_low_extreme",4,"Low","Extreme","Hierarchical","Naive_CD4_T",0.983333333333333
"S6_low_extreme_rep4","S6_low_extreme",4,"Low","Extreme","Hierarchical","CD4_T_memory",0.72037037037037
"S6_low_extreme_rep4","S6_low_extreme",4,"Low","Extreme","Hierarchical","CD8_T",0.733333333333333
"S6_low_extreme_rep5","S6_low_extreme",5,"Low","Extreme","Louvain","Naive_CD4_T",0.985833333333333
"S6_low_extreme_rep5","S6_low_extreme",5,"Low","Extreme","Louvain","CD4_T_memory",0.887037037037037
"S6_low_extreme_rep5","S6_low_extreme",5,"Low","Extreme","Louvain","CD8_T",0.883333333333333
"S6_low_extreme_rep5","S6_low_extreme",5,"Low","Extreme","Leiden","Naive_CD4_T",0.977916666666667
"S6_low_extreme_rep5","S6_low_extreme",5,"Low","Extreme","Leiden","CD4_T_memory",0.914814814814815
"S6_low_extreme_rep5","S6_low_extreme",5,"Low","Extreme","Leiden","CD8_T",0.883333333333333
"S6_low_extreme_rep5","S6_low_extreme",5,"Low","Extreme","Kmeans","Naive_CD4_T",0.986666666666667
"S6_low_extreme_rep5","S6_low_extreme",5,"Low","Extreme","Kmeans","CD4_T_memory",0.927777777777778
"S6_low_extreme_rep5","S6_low_extreme",5,"Low","Extreme","Kmeans","CD8_T",0
"S6_low_extreme_rep5","S6_low_extreme",5,"Low","Extreme","Hierarchical","Naive_CD4_T",0.96375
"S6_low_extreme_rep5","S6_low_extreme",5,"Low","Extreme","Hierarchical","CD4_T_memory",0.8
"S6_low_extreme_rep5","S6_low_extreme",5,"Low","Extreme","Hierarchical","CD8_T",0.816666666666667
